round_id,round_emoji,round_cs,round_en,id,emoji,photo,web,lat,lng,azimuth,name_cs,location_cs,desc_cs,history_cs,name_en,location_en,desc_en,history_en
1,🌳,Příroda a parky,Nature & parks,park-pod-sidlistem,🌲,,,49.1730,16.5870,,Park Pod sídlištěm,"Pod sídlištěm, Brno-Starý Lískovec","Oblíbený park místních obyvatel s travnatými plochami a vzrostlými stromy. Pravidelně se zde konají komunitní úklidy, které organizují místní spolky.",Park vznikl v 70. letech 20. století jako součást plánování sídlištní zástavby. Prošel postupnými úpravami a dnes slouží všem generacím.,Pod sídlištěm Park,"Pod sídlištěm, Brno-Starý Lískovec","A favourite park with grassy areas and mature trees, hosting regular community clean-ups organised by local associations.",The park was laid out in the 1970s as part of housing estate planning and has been gradually improved to serve all generations.
1,🌳,Příroda a parky,Nature & parks,hriste-labska,⚽,,,49.1718,16.5862,,Hřiště u ZŠ Labská,"Labská, Brno-Starý Lískovec","Sportovní areál u základní školy Labská. Slouží žákům přes den a veřejnosti po vyučování — ideální místo pro fotbal, basketbal i volný pohyb.",Hřiště bylo vybudováno společně se školou v 60. letech a od té doby prošlo několika rekonstrukcemi povrchu.,"Sports field, ZŠ Labská","Labská, Brno-Starý Lískovec","The sports area beside Labská primary school serves pupils during the day and the public after hours — ideal for football, basketball and free play.","Built alongside the school in the 1960s, the pitch has been resurfaced several times since."
1,🌳,Příroda a parky,Nature & parks,park-kroupova,🌳,,,49.1728,16.5848,,Zeleň u Kroupovy,"Kroupova, Brno-Starý Lískovec",Zelený pás podél ulice Kroupova poskytuje stín a prostor k odpočinku. Místní ho využívají pro procházky s dětmi i domácími mazlíčky.,Stromořadí podél Kroupovy bylo vysazeno při výstavbě okolní zástavby a tvoří jeden z mála přirozených zelených koridorů v části obce.,"Green strip, Kroupova","Kroupova, Brno-Starý Lískovec","A green belt along Kroupova street providing shade and a place to rest, popular for walks with children and pets.",The tree line was planted during the surrounding construction and forms one of the few natural green corridors in this part of the district.
1,🌳,Příroda a parky,Nature & parks,hriste-kosmonautu,🛝,,,49.1715,16.5855,,Dětské hřiště Kosmonautů,"Kosmonautů, Brno-Starý Lískovec","Jedno z nejfrekventovanějších dětských hřišť v obvodu. Houpačky, skluzavky a pískoviště lákají rodiny z celého sídliště.",Hřiště bylo obnoveno v roce 2019 za přispění městské části a nahradilo původní zastaralé vybavení z 80. let.,"Playground, Kosmonautů","Kosmonautů, Brno-Starý Lískovec","One of the busiest playgrounds in the district. Swings, slides and a sandpit attract families from across the estate.","Renovated in 2019 with city-district funding, replacing the original equipment from the 1980s."
1,🌳,Příroda a parky,Nature & parks,lesopark,🍃,,,49.1672,16.5780,,Lesopark na hranici obvodu,"Jihozápadní okraj, Brno-Starý Lískovec","Přírodní lesopark na jihozápadní hranici obvodu navazuje na Kohoutovický les. Oblíbené místo pro procházky, nordic walking i výlety s dětmi.",Lesní porosty zde existují od středověku. V moderní době slouží jako přirozený biokoridor a útočiště pro ptactvo i drobnou zvěř.,"Forest park, SW border","Southwest edge, Brno-Starý Lískovec","A natural forest park on the south-western boundary connecting to Kohoutovice forest — popular for walks, nordic walking and family outings.",Woodland has existed here since medieval times. Today it serves as a natural wildlife corridor and refuge for birds and small animals.
1,🌳,Příroda a parky,Nature & parks,komunitni-zahrada,🌻,,,49.1722,16.5870,,Komunitní zahrada,Starý Lískovec (plánovaná lokalita),"Plánovaná komunitní zahrada, kde by si sousedé mohli pěstovat zeleninu, bylinky a ovoce. Projekt podporuje náš volební program.",Komunitní zahrady se v Brně rozvíjí od roku 2010. Starý Lískovec zatím vlastní prostor nemá — chceme to změnit.,Community garden,Starý Lískovec (planned location),"A planned community garden where neighbours could grow vegetables, herbs and fruit together — a project supported by our programme.",Community gardens have been developing in Brno since 2010. Starý Lískovec has no dedicated space yet — we want to change that.
1,🌳,Příroda a parky,Nature & parks,zahradky,🥕,,,49.1685,16.5800,,Zahrádkářská kolonie,"Jihozápadní okraj, Brno-Starý Lískovec","Rozsáhlá kolonie zahrádek na okraji sídliště, kde místní pěstují zeleninu, ovoce i okrasné rostliny. Klidné místo pro relaxaci a kontakt s přírodou.",Zahrádkářské kolonie vznikaly v Brně od 50. let jako kompenzace sídlištního způsobu bydlení. Tato kolonie funguje od 60. let a sdružuje přes 80 zahrádkářů.,Allotment gardens,"Southwest edge, Brno-Starý Lískovec","An extensive allotment colony at the estate's edge where locals grow vegetables, fruit and ornamentals — a quiet retreat and connection to nature.",Allotment colonies spread across Brno from the 1950s as compensation for apartment living. This one has operated since the 1960s with over 80 plot-holders.
1,🌳,Příroda a parky,Nature & parks,dtj-hriste,🏟️,,,49.1750,16.5892,,Sportoviště DTJ,"Starý Lískovec, Brno","Sportovní areál Dělnické tělovýchovné jednoty s hřišti pro fotbal, tenis a volnočasové aktivity. Středisko sportu pro celé sídliště.",DTJ působí v Starém Lískovci od meziválečného období. Areál byl rozšířen v 80. letech a dodnes slouží desítkám sportovních oddílů pro děti i dospělé.,DTJ sports complex,"Starý Lískovec, Brno","A sports complex of the Workers' Athletic Association with football, tennis and leisure facilities — the district's main sports hub.",The DTJ has been active in Starý Lískovec since the inter-war period. The complex was expanded in the 1980s and still hosts dozens of sports clubs.
2,🏛️,Kultura a školy,Culture & schools,kulturni-dum,🎭,,,49.1728,16.5865,,Kulturní dům Starý Lískovec,"Starý Lískovec, Brno","Centrum kulturního a společenského života ve čtvrti. Konají se zde plesy, divadelní představení, výstavy a komunitní akce včetně zahájení naší kampaně.",Kulturní dům byl vybudován v 70. letech jako součást vybavenosti sídliště. Prošel rekonstrukcí a dnes nabízí moderní zázemí pro kulturní život obvodu.,Starý Lískovec Community Centre,"Starý Lískovec, Brno","The hub of cultural and community life in the district — hosting balls, theatre, exhibitions and events, including the launch of our campaign.","Built in the 1970s as part of the housing estate amenities, the centre was renovated and now offers modern facilities for local cultural life."
2,🏛️,Kultura a školy,Culture & schools,zs-labska,🎒,,https://www.zslabska.cz,49.1718,16.5862,,ZŠ Labská,"Labská 27, Brno–Starý Lískovec","Největší základní škola v obvodu s 464 žáky a 20 třídami. Nabízí sportovní třídy zaměřené na lední hokej od 5. ročníku. Součástí areálu je bazén, dvě tělocvičny a rozsáhlé venkovní hřiště.","Škola byla otevřena v roce 1967 a nese název ulice, na níž stojí. Za svou historii vychovala celé generace obyvatel Lískovce.",Labská Primary School,"Labská 27, Brno–Starý Lískovec","The largest school in the district with 464 pupils and 20 classes. Offers sports-focused classes in ice hockey from grade 5. The campus includes a swimming pool, two gyms and extensive outdoor facilities.",The school opened in 1967 and is named after the street it stands on. Over the decades it has educated entire generations of Lískovec residents.
2,🏛️,Kultura a školy,Culture & schools,zs-bosonozska,🏫,,https://www.zsbosonozska.cz,49.1690,16.5888,,ZŠ Bosonožská,"Bosonožská 9, Brno–Starý Lískovec","Škola s 504 žáky a 22 třídami, fakultní škola Pedagogické fakulty MU. Disponuje dvěma tělocvičnami, novým venkovním hřištěm, jazykovými učebnami a dvěma počítačovými laboratořemi.",Spolupracuje s Masarykovou univerzitou jako místo praxe budoucích učitelů. Leží na jihozápadním okraji obvodu a je dobře dostupná tramvajemi i autobusy.,Bosonožská Primary School,"Bosonožská 9, Brno–Starý Lískovec","A school of 504 pupils in 22 classes and a faculty school of the MU Faculty of Education. Facilities include two gyms, a new outdoor pitch, language rooms and two computer labs.",The school cooperates with Masaryk University as a training ground for future teachers. It is well served by trams and buses on the south-western edge of the district.
2,🏛️,Kultura a školy,Culture & schools,zs-premyslovny,🧒,,https://www.zspremyslovny.cz,49.1748,16.5892,,ZŠ a MŠ Elišky Přemyslovny,"Elišky Přemyslovny 10, Brno–Starý Lískovec","Menší škola rodinného typu s přibližně 270 žáky, jejíž součástí je i mateřská škola. Příjemná atmosféra a přímé propojení se samosprávou MČ jsou jejím hlavním rysem.","Školu zřizuje přímo MČ Brno-Starý Lískovec. Je pojmenovaná po Elišce Přemyslovně, české královně ze 14. století.",Elišky Přemyslovny Primary & Nursery School,"Elišky Přemyslovny 10, Brno–Starý Lískovec","A smaller, family-type school of around 270 pupils which also includes a nursery school. Its relaxed atmosphere and close community ties are its defining qualities.","Established directly by the Starý Lískovec city district. Named after Eliška Přemyslovna, a 14th-century Bohemian queen."
2,🏛️,Kultura a školy,Culture & schools,knihovna,📚,,,49.1730,16.5865,,Místní knihovna,"Starý Lískovec, Brno","Pobočka Moravské zemské knihovny v Starém Lískovci. Nabízí výpůjčky, dětský koutek a přednáškové akce. Místo debat a setkání.",Knihovna v obvodu funguje od 80. let a postupně rozšiřovala svou nabídku. Dnes je důležitým komunitním prostorem pro vzdělávání i volný čas.,Local library,"Starý Lískovec, Brno","A branch of the Moravian Regional Library offering loans, a children's corner and lecture events — a venue for debates and community meetings.","The library has been serving the district since the 1980s, gradually expanding its offer into an important community space for education and leisure."
2,🏛️,Kultura a školy,Culture & schools,sokolovna,🤸,,,49.1728,16.5860,,Sokolovna Starý Lískovec,"Starý Lískovec, Brno",Tělocvična a spolkový dům místního Sokola. Nabízí sportovní aktivity pro děti i dospělé a hostí komunitní setkání po celý rok.,Sokolská jednota v Starém Lískovci působí od počátku 20. století a sokolovna je symbolem kontinuity spolkového života v obvodu.,"Sokol hall, Starý Lískovec","Starý Lískovec, Brno","The gym and clubhouse of the local Sokol association, offering sports activities for children and adults and hosting community events year-round.",The Sokol association in Starý Lískovec dates to the early 20th century; the hall symbolises the continuity of civic life in the district.
2,🏛️,Kultura a školy,Culture & schools,kostel,⛪,,,49.1755,16.5900,,Kostel sv. Jana Nepomuckého,"Starý Lískovec, Brno",Farní kostel jako duchovní a architektonická dominanta obvodu. Místo pravidelných bohoslužeb i kulturních akcí.,"Kostel sv. Jana Nepomuckého pochází z 18. století a je jednou z nejstarších staveb v Starém Lískovci, připomínající historii obce před výstavbou sídliště.",St John of Nepomuk Church,"Starý Lískovec, Brno","The parish church — a spiritual and architectural landmark of the district, hosting regular services and cultural events.","The Church of St John of Nepomuk dates from the 18th century and is one of the oldest buildings in Starý Lískovec, recalling the village that preceded the housing estate."
2,🏛️,Kultura a školy,Culture & schools,ms,🧒,,,49.1725,16.5858,,Mateřská škola,"Starý Lískovec, Brno",Mateřská škola v obvodu je nezbytnou součástí zázemí pro mladé rodiny. Kapacita a kvalita předškolní výchovy patří mezi naše hlavní priority.,Mateřská škola v Starém Lískovci vznikla spolu se sídlišťní zástavbou v 60.–70. letech a od té doby pečuje o nejmenší obyvatele čtvrti.,Kindergarten,"Starý Lískovec, Brno",The local kindergarten is essential infrastructure for young families. Capacity and quality of pre-school care are key priorities in our programme.,The kindergarten was established alongside the housing estate construction in the 1960s–70s and has cared for the district's youngest residents ever since.
2,🏛️,Kultura a školy,Culture & schools,zdravotni-stredisko,🏥,,,49.1730,16.5862,,Zdravotní středisko,"Starý Lískovec, Brno","Ambulantní středisko nabízí praktické lékaře, pediatry a specialisty přímo v obvodu. Dostupná zdravotní péče v docházkové vzdálenosti je pro rodiny zásadní.",Středisko bylo vybudováno jako součást komplexní vybavenosti sídliště v 70. letech. Po modernizaci zajišťuje základní zdravotní péči pro tisíce obyvatel.,Health centre,"Starý Lískovec, Brno","The local health centre provides GPs, paediatricians and specialists within the district. Walkable healthcare is essential for families.","Built as part of the comprehensive estate amenities in the 1970s, the centre was modernised and now serves thousands of residents."
2,🏛️,Kultura a školy,Culture & schools,posta,📬,,,49.1728,16.5862,,Pošta Starý Lískovec,"Starý Lískovec, Brno","Místní pobočka České pošty obsluhující potřeby celého obvodu — pro balíky, platby i úřední zásilky. Místo, kam chodí každý.",Poštovní provoz v Starém Lískovci byl zřízen po připojení k Brnu v roce 1944. Dnešní pobočka je výsledkem opakovaných modernizací poštovní sítě.,Post office,"Starý Lískovec, Brno","The local Czech Post branch serves the entire district for parcels, payments and official mail — a place everyone visits.",Postal services were established after Starý Lískovec's incorporation into Brno in 1944. The current branch is the result of repeated network modernisations.
3,🏘️,Ulice a historie,Streets & history,kosmonautu,🚀,,,49.1715,16.5855,,Ulice Kosmonautů,"Kosmonautů, Brno-Starý Lískovec","Jedna z hlavních ulic sídliště, lemovaná panelovými domy a vzrostlými stromy. Centrem každodenního života mnoha rodin.","Ulice dostala název v roce 1963 na počest sovětských kosmonautů. Jan Novotný, jeden z našich kandidátů, tu žije posledních deset let.",Kosmonautů Street,"Kosmonautů, Brno-Starý Lískovec","One of the estate's main streets, lined with panel-block buildings and mature trees — the centre of everyday life for many families.","The street was named in 1963 in honour of Soviet cosmonauts. Jan Novotný, one of our candidates, has lived here for the past ten years."
3,🏘️,Ulice a historie,Streets & history,slanska,🛣️,,,49.1720,16.5880,,Slánská ulice,"Slánská, Brno-Starý Lískovec","Rušná ulice procházející obvodem, kde vedeme debatu o rekonstrukci chodníků a plánované cyklotrase. Bezpečnost chodců je klíčové téma.",Slánská patří k nejstarším komunikacím v oblasti a spojuje Starý Lískovec s přilehlými čtvrtěmi. Její úprava je dlouhodobě plánovaná.,Slánská Street,"Slánská, Brno-Starý Lískovec",A busy street through the district where we debate pavement renovation and a planned cycle path — pedestrian safety is a key issue.,"Slánská is one of the oldest routes in the area, connecting Starý Lískovec to adjacent neighbourhoods. Its improvement has long been on the planning agenda."
3,🏘️,Ulice a historie,Streets & history,namesti,🏪,,,49.1722,16.5865,,Malé náměstíčko u obchodního centra,"Centrum, Brno-Starý Lískovec","Neformální veřejný prostor u obchodního centra, kde se lidé přirozeně potkávají. Chceme ho zklidnit a přidat zeleň a místa k sezení.","Prostor vznikl organicky s výstavbou obchodní vybavenosti sídliště. Dnes funguje jako de facto náměstí, ačkoli nikdy nebyl jako náměstí navržen.",Small square by the shopping centre,"Centre, Brno-Starý Lískovec",An informal public space by the shopping centre where people naturally gather. We want to calm traffic here and add greenery and seating.,"The space emerged organically with the estate's commercial development. Today it functions as a de facto square, though it was never designed as one."
3,🏘️,Ulice a historie,Streets & history,albert,🛒,,,49.1720,16.5862,,Albert Starý Lískovec,"Starý Lískovec, Brno",Hlavní supermarket v obvodu a přirozený bod každodenního setkávání. Okolí obchodu chceme zkulturnit a zpřístupnit pro chodce a cyklisty.,Obchodní centrum bylo vybudováno v 90. letech a nahradilo původní menší prodejny ze sídlištní éry. Dnes je nenahraditelnou součástí infrastruktury obvodu.,"Albert, Starý Lískovec","Starý Lískovec, Brno",The district's main supermarket and a natural daily meeting point. We want to improve the surrounding area for pedestrians and cyclists.,"The shopping centre was built in the 1990s, replacing the smaller estate-era shops. It is now an indispensable part of the district's infrastructure."
3,🏘️,Ulice a historie,Streets & history,labska-ul,🏫,,,49.1718,16.5858,,Ulice Labská,"Labská, Brno-Starý Lískovec","Klidná ulice v srdci obvodu nesoucí jméno řeky Labe. Nachází se tu základní škola, zástavba rodinných domů i bytové domy.",Pojmenování podle řeky Labe je součástí sídlištní tradice pojmenování ulic po českých vodních tocích. Ulice vznikla v 60. letech spolu s přilehlou školou.,Labská Street,"Labská, Brno-Starý Lískovec","A quiet street in the heart of the district named after the Elbe river, home to the primary school alongside family and apartment housing.",Named after the Elbe as part of the estate tradition of naming streets after Czech waterways. The street was created in the 1960s together with the adjacent school.
3,🏘️,Ulice a historie,Streets & history,historicke-jadro,🏚️,,,49.1755,16.5912,,Historické jádro obce,"Původní zástavba, Brno-Starý Lískovec",Starý Lískovec existoval jako samostatná obec dlouho před výstavbou sídliště. Původní zástavba s usedlostmi a statky je stále patrná v severní části obvodu.,První písemná zmínka o Starém Lískovci pochází z roku 1365. Obec byla připojena k Brnu v roce 1944 a v 60. letech výrazně přestavěna sídlištní zástavbou.,Historic village core,"Original settlement, Brno-Starý Lískovec",Starý Lískovec existed as an independent village long before the housing estate. Original farmsteads and cottages are still visible in the northern part of the district.,The first written record of Starý Lískovec dates to 1365. The village was incorporated into Brno in 1944 and largely rebuilt with housing estates in the 1960s.
3,🏘️,Ulice a historie,Streets & history,garace,🅿️,,,49.1718,16.5848,,Garážové domy,"Starý Lískovec, Brno",Řadové garáže a garážové domy jsou typickým prvkem sídlištní krajiny. Debata o jejich přestavbě na komunitní prostory nebo moderní parkovací domy je stále aktuální.,Garáže byly stavěny od 70. let jako reakce na rostoucí automobilizaci sídliště. Dnes jsou předmětem diskuse o modernizaci veřejného prostoru a dopravě v klidu.,Estate garage blocks,"Starý Lískovec, Brno",Row garages and garage blocks are a typical feature of the estate landscape. The debate about converting them into community spaces or modern parking structures remains current.,The garages were built from the 1970s in response to growing car ownership. Today they are the subject of discussions about modernising public space and parking management.
3,🏘️,Ulice a historie,Streets & history,vltavska,🛤️,,,49.1712,16.5852,,Ulice Vltavská,"Vltavská, Brno-Starý Lískovec",Klidnější obytná ulice pojmenovaná po řece Vltavě. Typická ukázka sídlištní zástavby s potenciálem pro zklidnění dopravy a zlepšení veřejného prostoru.,Jako mnohé ulice v Starém Lískovci nese jméno českého vodního toku. Zástavba vznikla v 60.–70. letech jako součást první vlny rozvoje sídliště.,Vltavská Street,"Vltavská, Brno-Starý Lískovec",A quieter residential street named after the Vltava river — a typical example of estate housing with potential for traffic calming and public-space improvement.,"Like many streets in Starý Lískovec, it is named after a Czech waterway. The buildings date from the 1960s–70s as part of the estate's first development wave."
4,🏢,Občanská vybavenost,Public services,urad-mc,🏢,,https://www.staryliskovec.cz,49.1730,16.5862,,Úřad MČ Brno-Starý Lískovec,"Oderská 4, Brno–Starý Lískovec","Sídlo samosprávy MČ. Odbory zajišťují stavební agendu, sociální dávky, majetkové záležitosti i evidenci obyvatel. Úřad zřizuje místní školy, zdravotní středisko i domovy pro seniory.",MČ Brno-Starý Lískovec vznikla v roce 1990 po obnovení samosprávy. Zastupitelstvo má 21 členů a schází se zpravidla jednou měsíčně.,Starý Lískovec District Office,"Oderská 4, Brno–Starý Lískovec","Seat of local government. The office handles planning, social services, property and resident registration, and funds local schools and senior care homes.",The city district was established in 1990 after the restoration of self-government. The 21-member council meets roughly once a month.
4,🏢,Občanská vybavenost,Public services,domov-kosmonautu,👴,,https://www.socialnisluzbybrno.cz,49.1715,16.5875,,Domov pro seniory Kosmonautů,"Kosmonautů 21, Brno–Starý Lískovec","Domov pro seniory s kapacitou 119 klientů, zahrnující i oddělení se zvláštním režimem (DZR) pro klienty s demencí. Poskytuje péči, ošetřovatelství a aktivizační programy.","Nese název ulice, pojmenované v 60. letech na počest sovětských kosmonautů. Jeden ze dvou domovů pro seniory, které město Brno provozuje přímo v Starém Lískovci.",Kosmonautů Senior Care Home,"Kosmonautů 21, Brno–Starý Lískovec","A residential care home for 119 clients including a special-regime unit (DZR) for residents with dementia. Provides personal care, nursing and activation programmes.","Named after the street, which was named in the 1960s in honour of Soviet cosmonauts. One of two city-run senior care homes in Starý Lískovec."
4,🏢,Občanská vybavenost,Public services,domov-mikulaskovo,🏠,,https://www.socialnisluzbybrno.cz,49.1735,16.5875,,Domov pro seniory Mikuláškovo nám.,"Mikuláškovo náměstí 20, Brno–Starý Lískovec",Menší domov pro seniory s kapacitou 60 lůžek zaměřený na individuální přístup a aktivní trávení volného času. Leží v klidné části obvodu u malého náměstíčka.,Spolu s domovem na Kosmonautů tvoří páteřní síť péče o seniory v Starém Lískovci. Oba jsou zřizovány přímo statutárním městem Brnem.,Mikuláškovo nám. Senior Home,"Mikuláškovo náměstí 20, Brno–Starý Lískovec","A smaller 60-bed care home focused on individual attention and active programming, set in a quiet part of the district by a small square.",Together with the Kosmonautů home it forms the backbone of senior care in Starý Lískovec. Both are operated directly by the City of Brno.
4,🏢,Občanská vybavenost,Public services,poliklinika-psl,🏥,,https://www.privamed.cz,49.1728,16.5868,,Poliklinika Starý Lískovec,"U Pošty 14, Brno–Starý Lískovec","Soukromá poliklinika nabízející praktické lékaře, zubaře, specialisty, rehabilitaci, lékárnu i optiku na jednom místě. Součástí skupiny Privamed od roku 2016.","Navazuje na tradici zdravotního střediska z 70. let. Název ulice U Pošty napovídá, že hned vedle stojí i pobočka České pošty — dvě klíčové instituce sídliště naproti sobě.",Starý Lískovec Polyclinic,"U Pošty 14, Brno–Starý Lískovec","A private polyclinic offering GPs, dentists, specialists, physiotherapy, a pharmacy and an optician under one roof. Part of the Privamed Group since 2016.",Continues the tradition of the health centre built in the 1970s. The street name U Pošty reflects that the district post office stands right next door.
4,🏢,Občanská vybavenost,Public services,fn-brno,🏨,,https://www.fnbrno.cz,49.1792,16.5802,,FN Brno — areál Bohunice,"Jihlavská 20, hranice Bohunice / Starý Lískovec",Velký pavilonový komplex fakultní nemocnice zasahující na katastr Starého Lískovce. Poskytuje specializovanou péči celému jihomoravskému regionu a je výukovou základnou LF MU.,Výstavba areálu probíhala od 60. let. Nejnovější výškový pavilon L stojí přímo na území Starého Lískovce a je dominantou viditelnou z celé části jihu Brna.,FN Brno — Bohunice campus,"Jihlavská 20, Bohunice / Starý Lískovec boundary",The large pavilion campus of Faculty Hospital Brno extends into Starý Lískovec's cadastral area. It serves the entire South Moravian region and is a teaching hospital for the MU Faculty of Medicine.,Construction began in the 1960s. The newest high-rise pavilion L stands on Starý Lískovec territory and is a landmark visible from across the south of Brno.
4,🏢,Občanská vybavenost,Public services,kjm-pobocka,📖,,https://www.kjm.cz,49.1720,16.5840,,Knihovna J. Mahena — pobočka,"Kurská 1, Brno–Starý Lískovec","Pobočka Knihovny Jiřího Mahena dostupná tramvajemi 6 a 8 (zastávka Dunajská). Vedle výpůjček nabízí výstavy, přednášky a Lekotéku — půjčovnu hraček pro rodiny s dětmi.",KJM je největší veřejná knihovna v Jihomoravském kraji. Lískovecká pobočka úzce spolupracuje se zdejšími školami a je kontaktním místem sítě EUROPE DIRECT.,J. Mahen Library — local branch,"Kurská 1, Brno–Starý Lískovec","A branch of the Jiří Mahen Library, reachable by trams 6 and 8 (Dunajská stop). Beyond book loans it hosts exhibitions, lectures and a toy library (Lekotéka) for families.",The Jiří Mahen Library is the largest public library in South Moravia. The Starý Lískovec branch works closely with local schools and is an EUROPE DIRECT contact point.
4,🏢,Občanská vybavenost,Public services,sdh-liskovec,🚒,,https://www.sdhbrno.cz,49.1762,16.5920,,SDH Brno–Starý Lískovec,"Točná 5, Brno–Starý Lískovec","Místní jednotka sboru dobrovolných hasičů (JPO V/1) s 11 členy, připravená k výjezdu 24 hodin denně do 10 minut od výzvy. Zasahuje u 30 a více událostí ročně.",Sbor byl založen 3. ledna 1904 s 31 zakládajícími členy. Zbrojnici na Točné vybudovaly dobrovolnické jednotky z Lískovce a Bohunic svépomocí od roku 1956.,SDH Starý Lískovec Fire Brigade,"Točná 5, Brno–Starý Lískovec","A JPO V/1 volunteer fire unit with 11 members on 24/7 availability, ready to respond within 10 minutes. Handles 30+ incidents per year including fires and floods.",Founded on 3 January 1904 with 31 founding members. The current fire station was built by volunteer units from Lískovec and Bohunice by self-help from 1956.
4,🏢,Občanská vybavenost,Public services,posta-brno25,📮,,,49.1728,16.5870,,Pošta Brno 25,"U pošty 16, Brno–Starý Lískovec","Pobočka České pošty obsluhující celý obvod — zásilky, platby i úřední doručování. Budova pojmenovala celou okolní ulici U pošty a sousedí s polikliniku.",Poštovní provoz v Starém Lískovci byl zřízen po připojení k Brnu v roce 1944. Stojí hned vedle Polikliniky Starý Lískovec — dvě základní instituce sídliště na jednom místě.,Post Office Brno 25,"U pošty 16, Brno–Starý Lískovec","The Czech Post branch serving the entire district for parcels, payments and official deliveries. The building gave its name to the entire surrounding street.",Postal services were established after incorporation into Brno in 1944. The post office stands directly next to the polyclinic — two essential estate institutions side by side.
5,🏭,Podniky a zaměstnavatelé,Businesses & employers,campus-science-park,🏙️,,https://campus-brno.cz,49.1772,16.5818,,Campus Science Park,"Palachovo náměstí 2, Brno–Starý Lískovec","Největší kancelářský a výzkumný komplex v Jihomoravském kraji s plochou přes 50 000 m² v pěti budovách. Sídlí tu pobočky AT&T, Oracle, Honeywell, IBM, DHL i Accenture. Certifikováno LEED.",Areál byl dokončen v roce 2015 a v roce 2016 získal cenu Best of Realty. Sousedí s kampusem Masarykovy univerzity a areálem FN Brno Bohunice — vzdělávací a pracovní „trojúhelník”.,Campus Science Park,"Palachovo náměstí 2, Brno–Starý Lískovec","The largest office and R&D campus in South Moravia with over 50,000 m² across five LEED-certified buildings. Tenants include AT&T, Oracle, Honeywell, IBM, DHL and Accenture.","Completed in 2015, the park won the Best of Realty award in 2016. It sits adjacent to Masaryk University and the FN Brno Bohunice hospital campus, creating a unique education-research-business triangle."
5,🏭,Podniky a zaměstnavatelé,Businesses & employers,seznam-cz,💻,,https://www.seznam.cz,49.1770,16.5820,,Seznam.cz,"Palachovo náměstí 4, Brno–Starý Lískovec","Největší česká internetová firma má kancelářskou pobočku přímo v Starém Lískovci. Provozuje nejnavštěvovanější český portál, Mapy.cz, Firmy.cz, Sreality i zpravodajský iDnes.",Seznam.cz byl spuštěn v roce 1996 jako webový adresář a ve svém zlatém věku dominoval českému internetu. Brněnská pobočka se podílí na vývoji klíčových produktů firmy.,Seznam.cz,"Palachovo náměstí 4, Brno–Starý Lískovec","The largest Czech internet company has an office in Starý Lískovec. It runs the most-visited Czech web portal, Mapy.cz, Firmy.cz, Sreality and the iDnes news outlet.",Seznam.cz launched in 1996 as a web directory and once dominated Czech internet the way Google dominates the West. The Brno branch contributes to the company's core product development.
5,🏭,Podniky a zaměstnavatelé,Businesses & employers,campus-square,🛍️,,https://www.campus-square.cz,49.1775,16.5808,,Campus Square,"Palachovo náměstí, Brno–Starý Lískovec","Nákupní centrum s hypermarketem a desítkami prodejen, jídelen a služeb. Spolu se sousedním Campus Science Parkem tvoří nové komerční jádro Starého Lískovce a zaměstnává stovky lidí.","Otevřeno ve stejném období jako Campus Science Park. Projekt CAMPUS propojuje nákupní centrum, kancelářský park, univerzitní kampus a nemocnici do jednoho koherentního urbanistického celku.",Campus Square,"Palachovo náměstí, Brno–Starý Lískovec","A shopping centre with an anchor hypermarket, dozens of shops, food courts and services. Together with Campus Science Park it forms the new commercial heart of Starý Lískovec.","Opened in the same period as Campus Science Park. The CAMPUS project links the shopping centre, office park, university campus and hospital into one coherent urban ensemble."
5,🏭,Podniky a zaměstnavatelé,Businesses & employers,lf-mu-bohunice,🎓,,https://www.med.muni.cz,49.1798,16.5795,,LF MU — kampus Bohunice,"Kamenice 5, Bohunice (hranice Starého Lískovce)",Výukový a výzkumný kampus Lékařské fakulty Masarykovy univerzity na hranici Starého Lískovce. Stovky vědců a akademiků pracují na výzkumu v biomedicíně a klinické medicíně.,LF MU patří k nejprestižnějším lékařským fakultám v ČR. Kampus v Bohunicích vznikal od 70. let souběžně s Fakultní nemocnicí — unikátní propojení kliniky a výuky v jednom areálu.,MU Faculty of Medicine — Bohunice,"Kamenice 5, Bohunice (Starý Lískovec boundary)",The teaching and research campus of the Masaryk University Faculty of Medicine sits on the Starý Lískovec boundary. Hundreds of researchers and academics work in biomedicine and clinical research.,"MU Faculty of Medicine is one of the most prestigious medical faculties in the Czech Republic. The Bohunice campus was built from the 1970s alongside the Faculty Hospital, creating a unique clinic-teaching symbiosis."
5,🏭,Podniky a zaměstnavatelé,Businesses & employers,kaminoflex,🏭,,https://www.kaminoflex.cz,49.1708,16.5842,,KAMINOFLEX s.r.o.,"Sevastopolská 10, Brno–Starý Lískovec",Rodinná firma specializující se na výrobu nerezových komínových systémů a příslušenství. Produkty dodává topným technikům a stavebním firmám po celé České republice.,Firma byla založena v roce 1992 — na úsvitu české podnikatelské éry — a vyrostla z malé dílny v jednoho ze zavedených výrobců komínové techniky v regionu.,KAMINOFLEX s.r.o.,"Sevastopolská 10, Brno–Starý Lískovec","A family firm specialising in stainless steel chimney systems and accessories, supplying heating engineers and construction companies across the Czech Republic.","Founded in 1992 at the dawn of Czech entrepreneurship, the company grew from a small workshop into one of the region's established chimney technology manufacturers."
5,🏭,Podniky a zaměstnavatelé,Businesses & employers,sady-druzstvo,🍎,,,49.1698,16.5832,,"Sady Starý Lískovec, s.d.","Martina Ševčíka 46, Brno–Starý Lískovec",Zemědělské a obchodní družstvo pěstující ovoce na plochách u Lískovce. Jedna z mála živých zemědělských organizací přímo v katastru brněnského sídliště.,"Navazuje na tradici sadů, které obklopovaly vesničku Starý Lískovec před zástavbou panelovými bloky v 60.–80. letech. V katastru plném betonu stále nese zemědělskou paměť místa.",Sady Starý Lískovec cooperative,"Martina Ševčíka 46, Brno–Starý Lískovec",An agricultural and trading cooperative growing fruit in the Lískovec area — one of the few living farming operations within the cadastral zone of a Brno housing estate.,"It continues the tradition of orchards surrounding the old village before it was replaced by panel-block housing in the 1960s–80s, keeping the area's agricultural memory alive."
5,🏭,Podniky a zaměstnavatelé,Businesses & employers,stk-jihlavska,🚗,,,49.1700,16.5808,,STK Jihlavská,"Jihlavská, Brno–Starý Lískovec",Stanice technické kontroly zajišťující pravidelné STK a emise pro osobní i nákladní vozidla. Slouží řidičům z celého jihozápadního Brna.,STK jsou v ČR provozovány soukromými subjekty pod státní licencí od roku 1995. Jihlavská tvoří přirozený koridor vedoucí z Brna na Jihlavu a dál do Prahy — proto tu stanice vyrostla.,Vehicle Inspection STK Jihlavská,"Jihlavská, Brno–Starý Lískovec","A vehicle inspection station offering regular technical and emissions tests for cars and commercial vehicles, serving drivers from across south-west Brno.",Vehicle inspection stations in the Czech Republic have been run by private operators under state licence since 1995. Jihlavská is a natural corridor running from Brno to Jihlava and onward to Prague.
5,🏭,Podniky a zaměstnavatelé,Businesses & employers,synlab-psl,🔬,,https://www.synlab.cz,49.1728,16.5868,,SYNLAB — odběrové pracoviště,"U Pošty 14, Brno–Starý Lískovec","Diagnostická laboratoř a odběrové místo mezinárodní skupiny SYNLAB. Nabízí krevní testy, rozbory a preventivní diagnostiku přímo v areálu polikliniky na U Pošty.",SYNLAB je jedním z největších poskytovatelů laboratorní diagnostiky v Evropě s více než 500 laboratořemi ve 36 zemích. Brněnská pobočka sídlí v areálu Polikliniky Starý Lískovec.,SYNLAB — sample collection centre,"U Pošty 14, Brno–Starý Lískovec","A diagnostic laboratory and sample collection point of the international SYNLAB group, offering blood tests, analysis and preventive diagnostics in the polyclinic complex.",SYNLAB is one of Europe's largest laboratory diagnostics providers with over 500 labs in 36 countries. The Brno branch is located in the Starý Lískovec polyclinic complex on U Pošty.
5,🏭,Podniky a zaměstnavatelé,Businesses & employers,zapletal-kovo,🚪,,https://www.zapletal-kovo.cz,49.1745,16.5892,,"Zapletal – Kovo, a.s.","Elišky Přemyslovny 8, Brno–Starý Lískovec","Výrobce protipožárních bran, dveří a uzávěrů pro obchodní centra, průmyslové haly, metro i tunely. Jejich požárně odolné uzávěry s motorickým pohonem a řídicí elektronikou chrání životy v krizových situacích.",Firma byla zapsána v roce 2001 a specializuje se na jeden z technicky nejnáročnějších segmentů kovoobrábění. Jméno Zapletal je v Lískovci dobře zakotveno — firma sídlí kousek od ZŠ Přemyslovny.,"Zapletal – Kovo, a.s.","Elišky Přemyslovny 8, Brno–Starý Lískovec","Manufacturer of fire-rated gates, doors and closures for shopping malls, industrial halls, metro stations and tunnels. Their motor-driven fire closures with control electronics protect lives in emergencies.","Registered in 2001, the company occupies one of the technically most demanding metalworking niches. The Zapletal name is well rooted in Lískovec — the firm sits a short walk from ZŠ Přemyslovny."
5,🏭,Podniky a zaměstnavatelé,Businesses & employers,beghelli-elplast,💡,,https://www.beghelli-elplast.cz,49.1682,16.5892,,"BEGHELLI – ELPLAST, a.s.","Elišky Junkové 6, Brno (hranice Bosonoh a Starého Lískovce)","Výrobce nouzového a LED osvětlení pro kanceláře, průmysl i veřejné budovy s ~95 zaměstnanci. Nová hala z roku 2021 jako první v ČR integruje technologii ničící viry přímo do svítidel.",Tradice světelné výroby na tomto místě sahá přes 140 let. Česká firma Elplast byla v roce 1999 akvizována italskou Beghelli S.p.A. Výrobní areál zaujímá 11 000 m² zastřešené plochy.,"BEGHELLI – ELPLAST, a.s.","Elišky Junkové 6, Brno (Bosonohy / Starý Lískovec boundary)","Manufacturer of emergency and LED lighting with ~95 employees. The 2021 hall was the first building in the Czech Republic to integrate air-purifying, virus-destroying technology directly into its light fixtures.","The tradition of light manufacturing on this site spans over 140 years. Czech firm Elplast was acquired by Italy's Beghelli S.p.A. in 1999. The production site covers 11,000 m² under roof."
5,🏭,Podniky a zaměstnavatelé,Businesses & employers,delika-lahudky,🥪,,,49.1698,16.5862,,"DELIKA lahůdky, s.r.o.","U Hřiště 21a, Brno–Starý Lískovec","Výrobce klasických českých chlebíčků, obložených mís, salátů a pomazánek. Denně zásobuje cateringové akce a prodejny po celém Brně. Provozovna sídlí přímo za restaurací Potrefená husa.",Firma drží tradici české lahůdkářské výroby od počátku 90. let. Název „za Potrefenou husou” se ujal mezi místními díky sousedství se stejnojmennou restaurací na U Hřiště 21b.,"DELIKA lahůdky, s.r.o.","U Hřiště 21a, Brno–Starý Lískovec","Producer of classic Czech chlebíčky (open-faced sandwiches), platters, salads and spreads. Daily supplies catering events and shops across Brno from premises tucked behind the Potrefená husa gastropub.",Keeping Czech deli tradition alive since the early 1990s. The informal name 'za Potrefenou husou' (behind the Potrefená husa) was coined by locals for its position next to the gastropub at U Hřiště 21b.
6,🏷️,Ulice s příběhem,Street names & stories,palachuv-namesti,🕯️,,,49.1772,16.5818,,Palachovo náměstí,"Palachovo náměstí, Brno–Starý Lískovec","Náměstí nese jméno Jana Palacha (1948–1969), studenta, který se 16. 1. 1969 upálil na Václavském náměstí na protest proti sovětské invazi. Zemřel tři dny poté.","Palach se stal symbolem odporu. Výročí jeho činu v roce 1989 předcházela protest, který spustil sametovou revoluci. Pojmenování náměstí (2007) je přímý kontrast se sovětskými názvy okolních ulic.",Palachovo náměstí (Palach Square),"Palachovo náměstí, Brno–Starý Lískovec","Named after Jan Palach (1948–1969), a student who set himself on fire on Wenceslas Square on 16 January 1969 in protest against the Soviet-led invasion of Czechoslovakia. He died three days later.",Palach became a symbol of resistance. The anniversary of his act was central to protests that preceded the 1989 Velvet Revolution. The square was named in 2007 — a post-communist tribute standing in stark contrast to Soviet street names around it.
6,🏷️,Ulice s příběhem,Street names & stories,dunajska-ul,🌊,,,49.1718,16.5840,,Dunajská (dříve Kirovova),"Dunajská, Brno–Starý Lískovec","Ulice nesla od roku 1974 jméno Sergeje Kirova (1886–1934), sovětského komunistického vůdce. Po sametové revoluci byla v srpnu 1991 přejmenována na Dunajskou.","Kirovova vražda v roce 1934 se stala záminkou Stalinových velkých čistek, v nichž zahynuly miliony lidí. Přejmenování je viditelným důkazem de-komunizace místního názvosloví po roce 1989.",Dunajská (formerly Kirovova),"Dunajská, Brno–Starý Lískovec","The street bore the name of Sergei Kirov (1886–1934), a Soviet communist leader, from 1974. After the Velvet Revolution it was renamed Dunajská (Danube Street) in August 1991.","Kirov's assassination in 1934 was used as a pretext for Stalin's Great Purge, in which millions perished. The renaming is concrete evidence of the de-communisation of the estate's street map after 1989."
6,🏷️,Ulice s příběhem,Street names & stories,kurska-ul,⚔️,,,49.1720,16.5838,,Kurská,"Kurská, Brno–Starý Lískovec",Ulice připomíná bitvu u Kurského oblouku (červenec–srpen 1943) — největší tankovou bitvu v historii a poslední velkou německou ofenzivu na východní frontě. Na Kurské 1 dnes sídlí pobočka Knihovny J. Mahena.,Pojmenována 19. 12. 1974 jako součást shluku sovětsko-geografických názvů. Vítězství u Kurska zlomilo německou ofenzivní sílu na východě a otevřelo cestu sovětskému postupu až do Berlína.,Kurská,"Kurská, Brno–Starý Lískovec",The street commemorates the Battle of the Kursk Salient (July–August 1943) — the largest tank battle in history and the last major German offensive on the Eastern Front. The J. Mahen Library branch is at Kurská 1.,Named on 19 December 1974 as part of a cluster of Soviet-geography names. The Kursk victory broke German offensive capability in the East and opened the road all the way to Berlin.
6,🏷️,Ulice s příběhem,Street names & stories,krymska-ul,🗺️,,,49.1712,16.5845,,Krymská,"Krymská, Brno–Starý Lískovec","Ulice nese název Krymského poloostrova, pojmenovaná 19. 12. 1974. Krym byl v sovětské éře symbolem hrdinného odporu; po ruské anexi v roce 2014 a invazi 2022 dostalo pojmenování zcela nový citlivý rozměr.",Krymská tvoří s Kurskou a Sevastopolskou trojici sovětských názvů pojmenovaných ve stejný den v roce 1974. Debaty o přejmenování Krymské se v Brně vrátily na program po roce 2022.,Krymská,"Krymská, Brno–Starý Lískovec","Named after the Crimean Peninsula on 19 December 1974. In the Soviet era Crimea symbolised wartime heroism; after Russia's 2014 annexation and 2022 invasion, the name acquired a new and sensitive political dimension.",Krymská forms a trio with Kurská and Sevastopolská — all three Soviet-geography names given on the same day in 1974. Debates about renaming Krymská resurfaced on the Brno council agenda after 2022.
6,🏷️,Ulice s příběhem,Street names & stories,sevastopolska-ul,⚓,,,49.1708,16.5842,,Sevastopolská,"Sevastopolská, Brno–Starý Lískovec","Ulice pojmenovaná 19. 12. 1974 po Sevastopolu — hlavním přístavu Černomořské flotily. Odkazuje na obléhání Sevastopolu 1941–42, jeden z nejtragičtějších momentů sovětské válečné mytologie.","Sevastopolská, Kurská a Krymská — tři sovětské názvy dané ve stejný den v roce 1974. Na Sevastopolské 10 dnes sídlí výrobce komínů KAMINOFLEX, jeden z místních průmyslových podniků.",Sevastopolská,"Sevastopolská, Brno–Starý Lískovec","Named on 19 December 1974 after Sevastopol — main port of the Black Sea Fleet. The name references the Siege of Sevastopol (1941–42), one of the most tragic episodes of Soviet war mythology.","Sevastopolská, Kurská and Krymská — three Soviet-geography names all given on the same day in 1974. Chimney-maker KAMINOFLEX operates from Sevastopolská 10, one of the estate's industrial survivors."
6,🏷️,Ulice s příběhem,Street names & stories,soustalova-ul,🎖️,,,49.1728,16.5848,,Šoustalova,"Šoustalova, Brno–Starý Lískovec","Ulice nese jméno Antonína Vladimíra Šoustala (1890–1919), rodáka ze Starého Lískovce. Kožešník zajatý z c.k. armády se přidal k Čs. legiím a zemřel na úplavici v Irkutsku na Sibiři.","Pojmenována 10. 5. 1945 — hned po osvobození. Šoustal je přímým místním hrdinou: narodil se v Lískovci, bojoval za vznik Československa a zahynul daleko od domova. Jeho hrob je v Irkutsku.",Šoustalova,"Šoustalova, Brno–Starý Lískovec","Named after Antonín Vladimír Šoustal (1890–1919), born in Starý Lískovec. A furrier captured from the Austro-Hungarian army, he joined the Czechoslovak Legions and died of dysentery in Irkutsk, Siberia.","Named on 10 May 1945 — immediately after liberation. Šoustal is a direct local hero: born in Lískovec, he fought for the founding of Czechoslovakia and died far from home. His grave is in Irkutsk."
6,🏷️,Ulice s příběhem,Street names & stories,jemelkova-ul,✊,,,49.1740,16.5855,,Jemelkova,"Jemelkova, Brno–Starý Lískovec","Ulice nese jméno Josefa Jemelky (1910–1941), mlynáře ze Starého Lískovce, který byl nacisty popraven za materiální podporu rodinám uvězněných odbojářů. Byl mu in memoriam udělen Čs. válečný kříž.",Pojmenována 25. 9. 1946. Jemelka je přímým mučedníkem protektorátní éry z lískovecké komunity. Připomíná civilní odpor — ne jen vojáky — a tvoří s Šoustalovou pomník hrdinů obou světových válek.,Jemelkova,"Jemelkova, Brno–Starý Lískovec","Named after Josef Jemelka (1910–1941), a miller from Starý Lískovec executed by the Nazis for supporting the families of imprisoned resistance fighters. Posthumously awarded the Czechoslovak War Cross.",Named on 25 September 1946. Jemelka is a direct local martyr of the Protectorate era. The street memorialises civilian resistance and pairs with Šoustalova as a memorial to local heroes of both world wars.
6,🏷️,Ulice s příběhem,Street names & stories,u-leskavy,💧,,,49.1752,16.5898,,U Leskavy,"U Leskavy, Brno–Starý Lískovec","Ulice je pojmenována po říčce Leska (Leskava), která protéká oblastí a dala jméno celé čtvrti. Slovo „Lískovec” pochází ze stejného kořene jako starý německý název „Leskau” — oba od tohoto potoka.","Leskava je doložena ve středověkých dokumentech, ves Lískovec od roku 1314. U Leskavy nese etymologický původ celého obvodu — jméno ulice odhaluje, proč se čtvrť vůbec jmenuje Lískovec.",U Leskavy,"U Leskavy, Brno–Starý Lískovec","Named after the Leska (Leskava) stream — the very stream that gave the whole district its name. 'Lískovec' derives from the same root as the old German 'Leskau', both from this watercourse.",The Leskava is recorded in medieval documents; the village of Lískovec dates to 1314. U Leskavy carries the etymological origin of the entire district — the street name unlocks why the neighbourhood is called Lískovec at all.
6,🏷️,Ulice s příběhem,Street names & stories,klobasova-ul,🏡,,,49.1745,16.5918,,Klobásova,"Klobásova, Brno–Starý Lískovec","Ulice nesoucí jméno rodu Klobásů, jejichž usedlost (č.p. 4) patřila k zakládajícím hospodářstvím původní vsi. Sleduje trasu starého vesnického průvozu přes historické jádro Starého Lískovce.","Přestože název dnes zní jako klobása, jde o staré moravské příjmení. Ulice prochází jedinou částí obvodu, která předchází zástavbě panelových domů 60.–80. let — přímý otisk předsídlištní vsi.",Klobásova,"Klobásova, Brno–Starý Lískovec","Named after the Klobás family, whose farmstead (house no. 4) was one of the founding homesteads of the original village. The street follows the old village track through the preserved historic core.","Though the name today coincides with the Czech word for sausage, it is in fact an old Moravian surname. The street runs through the only part of the district that predates the 1960s–80s panel housing."
6,🏷️,Ulice s příběhem,Street names & stories,irkutska-ul,❄️,,,49.1708,16.5848,,Irkutská,"Irkutská, Brno–Starý Lískovec",Ulice pojmenovaná 19. 12. 1974 po sibiřském Irkutsku. Ale právě v Irkutsku zemřel lískovecký legionář Šoustal — po němž je pojmenována sousední Šoustalova. Komunistický režim tuto ironii nikdy neuvedl.,"Komunisté pojmenovali Irkutskou jako hold sovětskému městu, aniž by připomněli, že Irkutsk je místem posledního odpočinku místního legionáře. Šoustalova a Irkutská tak tvoří nechtěný — a dojemný — historický pár.",Irkutská,"Irkutská, Brno–Starý Lískovec",Named on 19 December 1974 after the Siberian city of Irkutsk. But Irkutsk is precisely where Lískovec legionnaire Šoustal died — the very man commemorated on the nearby Šoustalova. The communist regime never acknowledged this irony.,The communists named Irkutská as a tribute to a Soviet city without acknowledging that Irkutsk holds the grave of a local legionnaire. Šoustalova and Irkutská form an unintentional — and poignant — historical pair.
6,🏷️,Ulice s příběhem,Street names & stories,kyjevska-ul,🇺🇦,,,49.1710,16.5850,,Kyjevská,"Kyjevská, Brno–Starý Lískovec",Ulice pojmenovaná 19. 12. 1974 na připomínku účasti čs. vojáků na osvobození Kyjeva v listopadu 1943. Brigáda přišla o 30 padlých a 77 raněných.,"Komunistický režim zdůraznil sovětsko-české spojenectví. Dnes, kdy Brno patří k největším centrům pomoci Ukrajinoám v ČR, nese název Kyjevská ulice zcela novou a naléhavou aktuálnost.",Kyjevská,"Kyjevská, Brno–Starý Lískovec",Named on 19 December 1974 to commemorate Czechoslovak soldiers' participation in the liberation of Kyiv in November 1943. The brigade lost 30 killed and 77 wounded.,"The communist regime emphasised Czech-Soviet wartime alliance. Today, with Brno among the largest centres of Ukrainian support in the Czech Republic, the street name carries an entirely new and urgent resonance."
6,🏷️,Ulice s příběhem,Street names & stories,sevcikova-ul,🔨,,,49.1698,16.5832,,Martina Ševčíka,"Martina Ševčíka, Brno–Starý Lískovec","Ulice nese jméno Martina Ševčíka (1883–1944), brněnského komunálního dělníka a odborového organizátora, který byl nacisty umučen za účast v odboji proti okupaci.","Pojmenována 25. září 1946 — stejný den jako Jemelkova. Shodou okolností byli oba muži lískovecká oběť nacistické éry uctěná najednou: dva civilisté, dvě ulice, jeden den.",Martina Ševčíka,"Martina Ševčíka, Brno–Starý Lískovec","Named after Martin Ševčík (1883–1944), a Brno municipal worker and labour organiser who was tortured to death by the Nazis for his participation in the resistance against occupation.","Named on 25 September 1946 — the same day as Jemelkova. Both men were Lískovec-era victims of Nazi persecution honoured simultaneously: two civilians, two streets, one day."
7,🎨,Umění a architektura,Art & architecture,chatrny-socha,🗿,,,49.1722,16.5862,,Pět segmentů kruhu,"Labská, Brno–Starý Lískovec",Betonová barevná plastika Dalibora Chatrného z roku 1982 stojí u dětského hřiště na Labské. Pět segmentů geometricky uspořádaných do oblouku tvoří jeho jedinou architektonickou realizaci.,Chatrný (1925–2012) byl nejvýznamnějším brněnským konceptuálním umělcem 20. stol. Dílo vzniklo na zakázku Brnoinvesty jako povinná výzdoba nového sídliště. V roce 2015 bylo restaurováno k nedožitým 90. narozeninám autora.,Five Segments of a Circle,"Labská, Brno–Starý Lískovec","A colourful concrete sculpture by Dalibor Chatrný (1982), standing by a children's playground on Labská. Five geometrically arranged segments forming an arc — his only architectural realisation.",Chatrný (1925–2012) was Brno's most significant conceptual artist of the 20th century. The work was commissioned by Brnoinvesta as mandatory estate decoration. Restored in 2015 to mark what would have been the artist's 90th birthday.
7,🎨,Umění a architektura,Art & architecture,prvni-materstvi,🤱,,,49.1735,16.5875,,První mateřství,"Mikuláškovo náměstí, Brno–Starý Lískovec",Bronzová socha těhotné ženy v nadživotní velikosti (220 × 60 cm) na mramorovém podstavci na Mikuláškově náměstí. Autorka Dana Marková ji vytvořila v roce 1987.,"Vznikla v době, kdy povinná výzdoba veřejných prostor v nových sídlištích přinášela zakázky sochařkám i sochaři mimo hlavní proud. Jemný humanismus sochy je v kontrastu s drsnou paneláčkou kolem.",First Motherhood,"Mikuláškovo náměstí, Brno–Starý Lískovec","An over-life-size bronze sculpture of a pregnant woman (220 × 60 cm) on a marble pedestal at Mikuláškovo náměstí, created by sculptor Dana Marková in 1987.",Created when mandatory public-space decoration in new housing estates provided commissions for artists outside the mainstream. The sculpture's quiet humanism stands in contrast with the concrete blocks surrounding it.
7,🎨,Umění a architektura,Art & architecture,koupaliste-sl,🏊,,,49.1748,16.5918,,Koupaliště Starý Lískovec,"Klobásova 79, Brno–Starý Lískovec","Letní venkovní koupaliště s plaveckým bazénem, dětským bazénem, tobogánem a travnatou loučí. Otevřeno každoročně od května do září; večerní koupání patří k tradicím čtvrti.","Koupaliště stojí hned vedle historického jádra na Klobásově — jedno z mála míst, kde se sídlišťní éra a předválečná vesnice střetávají. V roce 2024 bylo vypsáno výběrové řízení na projektovou dokumentaci rekonstrukce.",Starý Lískovec Outdoor Pool,"Klobásova 79, Brno–Starý Lískovec","A summer outdoor pool with a swimming pool, paddling pool, water slide and grassy lawn. Open each year from May to September; evening swimming is a long-standing local tradition.",The pool stands right next to the historic village core on Klobásova — one of the few places where the estate era and the pre-war village meet. A design tender for a full reconstruction was launched in 2024.
7,🎨,Umění a architektura,Art & architecture,vista-liskovec,🏗️,,,49.1698,16.5818,,Vista Lískovec,"Jihlavská, Brno–Starý Lískovec","Pět budov včetně 18patrové věže se 260 byty, která bude dominantou jižního Brna s výhledem přes celé město. Developer Creditas Real Estate zahájil výstavbu v říjnu 2025, nastěhování se plánuje koncem roku 2028.","Projekt Vista záměrně kontrastuje s okolní paneláčkou: moderní fasáda, zelené střechy, terasy a tramvajová zastávka přímo u budovy. Věž bude nejvyšší stavbou v Starém Lískovci od doby postavení panelových domů.",Vista Lískovec,"Jihlavská, Brno–Starý Lískovec",Five buildings including an 18-storey tower with 260 apartments that will become a landmark of southern Brno with city-wide panoramic views. Developer Creditas Real Estate broke ground in October 2025; move-in planned for late 2028.,"The Vista project deliberately contrasts with the surrounding panel-block estate: modern facade, green roofs, terraces and a tram stop at the door. The tower will be the tallest structure in Starý Lískovec since the panels went up."
7,🎨,Umění a architektura,Art & architecture,panelova-architektura,🧱,,,49.1722,16.5865,,Architektura sídliště,Brno–Starý Lískovec,"Panelové domy z let 1971–1981 tvoří vizuální identitu celého Lískovce. Projektovány jako komplexní urbanistická jednotka s parky, školami a obchody — výsledek posledního velkého pokusu o plánované město.","Sídliště Starý Lískovec bylo navrženo pro 29 265 obyvatel v 9 232 bytech. Dnes se bloky postupně zateplují, mění barvy fasád a získávají nové výrazy — živá vrstvená architektura přes dekády.",Estate architecture,Brno–Starý Lískovec,"Panel blocks built between 1971 and 1981 form the visual identity of Lískovec. Planned as a complete urban unit with parks, schools and shops — the result of the last major attempt at a designed city.","The Starý Lískovec estate was designed for 29,265 residents in 9,232 apartments. Today the blocks are progressively insulated, repainted and remodelled — layered living architecture across the decades."
7,🎨,Umění a architektura,Art & architecture,street-art-sl,🎨,,,49.1718,16.5858,,Street art a graffiti,Brno–Starý Lískovec,Legální graffiti a murály proměnily několik zdí a podchodů sídliště na venkovní galerie. Organizace Ratolest koordinovala projekty výzdoby veřejných ploch v Lískovci — barevné zdi místo šedi betonu.,"Brněnská street art scéna patří k nejaktivnějším v ČR. V Lískovci navazuje na tradici komunitních projektů: malování zdí jako způsob, jak si obyvatelé přivlastňují prostor sídliště a proměňují jeho charakter.",Street art & graffiti,Brno–Starý Lískovec,Legal graffiti and murals have turned several estate walls and underpasses into open-air galleries. The Ratolest organisation coordinated public-surface decoration projects in Lískovec — colour replacing concrete grey.,Brno's street art scene is one of the most active in the Czech Republic. In Lískovec it builds on a tradition of community projects: painting walls as a way for residents to reclaim and transform their estate.
7,🎨,Umění a architektura,Art & architecture,trafostanice-art,⚡,,,49.1725,16.5855,,Malované trafostanice,Brno–Starý Lískovec,"Distribuční trafostanice EG.D rozseté po sídlišti dostaly nové kabáty od brněnských street art umělců. Betonové boxy, dříve šedé a neviditelné, jsou dnes miniaturními galeriemi v ulicích.","Projekt výzdoby trafostanic rozjela skupina Malujeme jinak ve spolupráci s distributorem EG.D. Brno bylo jedním z prvních měst v ČR, kde se tento přístup k proměně technické infrastruktury prosadil.",Decorated transformer stations,Brno–Starý Lískovec,"EG.D distribution transformer boxes scattered across the estate have been given new skins by Brno street artists. Concrete boxes, once grey and invisible, are now miniature street galleries.",The transformer decoration project was launched by the group Malujeme jinak in cooperation with distributor EG.D. Brno was one of the first cities in the Czech Republic where this approach to transforming technical infrastructure took hold.
7,🎨,Umění a architektura,Art & architecture,liskovec-mozaiky,🔷,,,49.1720,16.5868,,Mozaiky a reliéfy na fasádách,Brno–Starý Lískovec,Panelové domy z 70. a 80. let nesou na vstupech a štítech abstraktní i figurální mozaiky a keramické reliéfy. Jsou pozůstatkem povinné umělecké výzdoby veřejných staveb za socialismu.,"Zákon o povinné výzdobě vyhrazoval procento z investice na umění. Výsledkem jsou stovky děl v brněnských sídlištích, z nichž mnohá čeká zánik při rekonstrukcích. Lískovecké mozaiky jsou dosud nedostatečně zdokumentovány.",Facade mosaics & reliefs,Brno–Starý Lískovec,Panel blocks from the 1970s–80s carry abstract and figurative mosaics and ceramic reliefs on their entrances and gable walls — remnants of the mandatory artistic decoration of public buildings under socialism.,"Socialist law reserved a percentage of construction budgets for art. The result is hundreds of works across Brno's housing estates, many facing destruction during renovations. The Lískovec mosaics remain poorly documented."
8,🚃,Doprava a pohyb,Getting around,tramvaj-smycka,🔄,,,49.1695,16.5828,,Tramvajová smyčka Starý Lískovec,"Smyčka Starý Lískovec, Brno",Konečná zastávka tramvajových linek 6 a 8 je přirozeným středem MHD sítě v obvodu. Tramvaje tu obracejí ve smyčce a cestující z celé čtvrti míří k jedinému uzlovému bodu.,Starý Lískovec je jedno z mála sídlišť v Brně s přímým tramvajovým napojením. Smyčka funguje od vybudování sídliště v 70. letech a je páteří každodenní mobility tisíců obyvatel.,Starý Lískovec tram terminus,"Smyčka Starý Lískovec, Brno",The terminus of tram lines 6 and 8 is the natural hub of the district's public transport network. Trams reverse in the loop and residents from across the estate converge on this single interchange.,Starý Lískovec is one of the few Brno housing estates with direct tram access. The loop has served as the backbone of daily mobility for thousands of residents since the estate was built in the 1970s.
8,🚃,Doprava a pohyb,Getting around,linka-6,6️⃣,,,49.1695,16.5828,,Tramvajová linka 6,Starý Lískovec ↔ Královo Pole nádraží,"Linka 6 jezdí ze Starého Lískovce přes centrum Brna (Česká, nám. Svobody) až na Královo Pole nádraží — 14 zastávek, přibližně 17 minut. Centrum je tak dostupné bez přestupu.","Linka 6 patří k páteřním tramvajovým spojům jižního Brna. Pro obyvatele sídliště je to nejrychlejší cesta do práce, na nákupy i do kulturních institucí v centru.",Tram line 6,Starý Lískovec ↔ Královo Pole nádraží,"Line 6 runs from Starý Lískovec through Brno city centre (Česká, náměstí Svobody) to Královo Pole nádraží — 14 stops, approximately 17 minutes. No transfer needed for the city centre.","Line 6 is one of the backbone tram routes of southern Brno. For estate residents it is the fastest route to work, shopping and the cultural institutions in the city centre."
8,🚃,Doprava a pohyb,Getting around,linka-8,8️⃣,,,49.1695,16.5828,,Tramvajová linka 8,Starý Lískovec ↔ Líšeň / Medlánky,Linka 8 je křížová linka spojující Starý Lískovec přes centrum s Líšní a Medlánkami — 26 zastávek end-to-end. Umožňuje přejezd celého Brna bez přestupu na jediném voze.,"Díky lince 8 se dá z Lískovce dojet do čtvrtí na opačném konci města za jednu jízdenku bez přestupu. Tento přímý spoj napříč Brnem je na sídlišti považován za samozřejmost, která jinde v Brně chybí.",Tram line 8,Starý Lískovec ↔ Líšeň / Medlánky,Line 8 is a cross-city route connecting Starý Lískovec through the city centre to Líšeň and Medlánky — 26 stops end-to-end. A single ride takes you across all of Brno.,"Thanks to line 8, residents can reach districts on the opposite side of Brno without changing trams. This direct city-wide connection is taken for granted in Lískovec but is rare in other parts of Brno."
8,🚃,Doprava a pohyb,Getting around,jihlavska-silnice,🛣️,,,49.1700,16.5810,,Jihlavská — brána na západ,"Jihlavská, Brno–Starý Lískovec","Jihlavská ulice je hlavní jihozápadní výpadovka z Brna, přímé napojení na dálnici D1/E50 směr Jihlava a Praha. Pro motoristy z Lískovce je to nejrychlejší cesta ven z města.",Jihlavská existuje jako trasa z Brna na západ od středověku. Sídliště Starý Lískovec vyrostlo podél ní v 70. letech — lískovecká adresa tedy doslova leží na staré obchodní stezce.,Jihlavská — gateway to the west,"Jihlavská, Brno–Starý Lískovec","Jihlavská is Brno's main south-western arterial road, connecting directly to the D1/E50 motorway toward Jihlava and Prague. For Lískovec drivers it is the fastest route out of the city.",Jihlavská has served as the route from Brno westward since medieval times. The Starý Lískovec estate was built alongside it in the 1970s — a Lískovec address literally sits on an old trade road.
8,🚃,Doprava a pohyb,Getting around,tramvaj-bosonohy,🚧,,,49.1688,16.5820,,Plánovaná tramvaj do Bosonoh,"Skalní, Brno–Starý Lískovec / Bosonohy",Strategie rozvoje tramvajové sítě Brna do roku 2035 schválila prodloužení smyčky Starý Lískovec přes ulici Skalní do Bosonoh — více než 1 km nové dvojkolejnice. Realizace v první fázi do roku 2030.,Prodloužení propojí Bosonohy s rychlou tramvají do centra Brna poprvé v historii. Pro Lískovecké sousedy v Bosonohách to znamená konec závislosti na autu nebo autobuse.,Planned tram extension to Bosonohy,"Skalní, Brno–Starý Lískovec / Bosonohy",Brno's tram network strategy to 2035 approved extending the Starý Lískovec terminus via Skalní Street to Bosonohy — over 1 km of new double track. Scheduled for the first phase ending 2030.,The extension will connect Bosonohy to fast tram access to Brno city centre for the first time. For Lískovec's neighbours in Bosonohy it means the end of dependence on a car or bus.
8,🚃,Doprava a pohyb,Getting around,autobusy-ids,🚌,,,49.1718,16.5855,,Autobusy IDS JMK 403 a 404,"Labská / Humenná, Brno–Starý Lískovec",Regionální autobusové linky 403 (→ Omice) a 404 (→ Radostice) zajišťují napojení okolních obcí na MHD v Starém Lískovci. Ze zastávek na Labské a Humenné se dá přestoupit na tramvaj.,"IDS JMK (Integrovaný dopravní systém Jihomoravského kraje) propojuje Brno s okolními obcemi jednotnou jízdenkou. Lískovecká smyčka je tak přestupním uzlem nejen pro sídliště, ale i pro dojíždějící z vesnic.",IDS JMK regional buses 403 & 404,"Labská / Humenná, Brno–Starý Lískovec",Regional bus lines 403 (→ Omice) and 404 (→ Radostice) connect surrounding villages to the tram network at Starý Lískovec. Passengers change to the tram at Labská and Humenná stops.,IDS JMK (South Moravia Integrated Transport) links Brno to surrounding municipalities on a single ticket. The Lískovec terminus acts as an interchange not just for estate residents but also for commuters from nearby villages.
8,🚃,Doprava a pohyb,Getting around,cyklostezka-jihlavska,🚲,,,49.1700,16.5812,,Cykloinfrastruktura podél Jihlavské,"Jihlavská, Brno–Starý Lískovec",Podél Jihlavské vede jedna z hlavních brněnských cyklokoridorů propojující Starý Lískovec s centrem a Bosonohami. Sdílená kola Nextbike jsou dostupná ve stanicích v obvodu.,Rozvoj cyklistické infrastruktury v Brně se zrychlil po roce 2020. Lískovecký úsek patří k diskutovaným místům — chybí místy fyzické oddělení cyklistů od aut na rušné Jihlavské.,Cycling infrastructure along Jihlavská,"Jihlavská, Brno–Starý Lískovec","One of Brno's main cycling corridors runs along Jihlavská, connecting Starý Lískovec to the city centre and Bosonohy. Nextbike shared bikes are available at stations in the district.",Cycling infrastructure development in Brno accelerated after 2020. The Lískovec section is a debated stretch — in places cyclists lack physical separation from cars on the busy Jihlavská road.
8,🚃,Doprava a pohyb,Getting around,potrefena-husa,🍺,,https://www.potrefenahusa.cz,49.1698,16.5860,,Potrefená husa,"U Hřiště 21b, Brno–Starý Lískovec","Gastropub řetězce Pivovary Staropramen s vybranými čepy, grilovanými jídly a sportovními přenosy. Jeden ze dvou brněnských výčepů sítě, která má dnes přibližně 19 poboček v ČR a SR.","Potrefená husa byl spuštěna v roce 1999 v pražských Vinohradech jako projekt, který měl povznést úroveň české hospodské kultury. Lískovecká hospoda sousedí s výrobnou chlebíčků DELIKA — jen zeď dělí gastropub od lahůdkárny.",Potrefená husa,"U Hřiště 21b, Brno–Starý Lískovec","A Pivovary Staropramen gastropub with curated taps, grilled food and sports screenings. One of two Brno outlets in a chain of approximately 19 locations across Czechia and Slovakia.",Potrefená husa launched in 1999 in Prague–Vinohrady as a project to elevate Czech pub culture. The Lískovec branch sits wall-to-wall with the DELIKA chlebíčky production unit — a gastropub next door to a deli factory.
9,⚽,Sport a volný čas,Sport & leisure,tatran-fotbal,⚽,,https://www.tjtatransl.cz,49.1748,16.5918,,TJ Tatran SL — fotbal,"Klobásova 79, Brno–Starý Lískovec",Fotbalový oddíl TJ Tatran Starý Lískovec hraje jihomoravské amatérské soutěže. Areál na Klobásové sdílí s tenisovým oddílem a koupališ­těm — přirozené sportovní centrum čtvrti.,"Klub byl založen v roce 1950. Za sedm dekád vychoval generace lískoveckých fotbalistů a stojí u historického jádra obce, kde fotbal na louce předcházel i samotnému sídlišti.",TJ Tatran SL — football,"Klobásova 79, Brno–Starý Lískovec",The TJ Tatran Starý Lískovec football section competes in South Moravian amateur divisions. The Klobásova complex is shared with the tennis section and outdoor pool — the district's natural sports hub.,"Founded in 1950, the club has raised generations of Lískovec footballers over seven decades. It stands at the historic village core, where football on the meadow preceded even the housing estate itself."
9,⚽,Sport a volný čas,Sport & leisure,tatran-tenis,🎾,,https://www.tjtatransl.cz,49.1748,16.5916,,TJ Tatran SL — tenis,"Klobásova 79, Brno–Starý Lískovec",Čtyři antukové kurty se zrekonstruovanými šatnami a sprchou. Oddíl pořádá juniorské tréninky a účastní se přeboru Jihomoravského kraje. Přijímá nové členy.,"Tenisová sekce TJ Tatran je součástí komplexu, který kombinuje fotbal, tenis a koupališ­tě na jednom pozemku. Antuka na Klobásové je letním rituálem pro stovky místních hráčů.",TJ Tatran SL — tennis,"Klobásova 79, Brno–Starý Lískovec",Four clay courts with renovated changing rooms and showers. The section runs junior training and competes in the South Moravian county championship. New members welcome.,"The TJ Tatran tennis section is part of a complex combining football, tennis and the outdoor pool on one site. The clay courts at Klobásova are a summer ritual for hundreds of local players."
9,⚽,Sport a volný čas,Sport & leisure,fitness-petra,💪,,https://www.fitnespetra.cz,49.1718,16.5862,,Fitness PETRA,"Labská 27 (vstup Oderská), Brno–Starý Lískovec","Jediné klasické fitness centrum přímo v obvodu: posilovna, indoor cycling, aerobik, bodyform, pilates i trampolínové lekce. Součástí je bar s nápoji a nabídka osobního trenéra.","Fitness PETRA se nachází v suterénu panelového domu u ZŠ Labská — typický příklad repurpose sídlištní nebytové plochy ze 70. let. Slouží místním i přespolním, kteří sem dojíždějí z okolních čtvrtí.",Fitness PETRA,"Labská 27 (entrance Oderská), Brno–Starý Lískovec","The only dedicated fitness centre in the district: weights, indoor cycling, aerobics, bodyform, Pilates and trampoline classes. Includes a drinks bar and personal trainer sessions.",Fitness PETRA occupies a basement of a panel block next to ZŠ Labská — a typical example of repurposing 1970s estate non-residential space. It serves both locals and visitors commuting from neighbouring districts.
9,⚽,Sport a volný čas,Sport & leisure,outdoor-fitness,🏋️,,,49.1728,16.5872,,Venkovní fitness — Sluníčka,"Rekreační zóna Sluníčka, Brno–Starý Lískovec","Bezplatné venkovní posilovací prvky v parku Sluníčka pro každého: stíhadla, chodítka, bradla. Cvičení na čerstvém vzduchu bez registrace a poplatků.",Venkovní fitness prvky jsou součástí programu Brna na oživení veřejného prostoru sídlišť. Vybavení v Lískovci dodala firma Colmex. Sluníčka park je oblíbeným místem rodin s dětmi i seniorů.,Outdoor fitness — Sluníčka park,"Sluníčka recreational zone, Brno–Starý Lískovec","Free outdoor exercise equipment in Sluníčka park: pull-up bars, walkers, parallel bars. Open-air training with no registration or fees.",Outdoor fitness equipment is part of Brno's programme to revitalise housing estate public spaces. The Lískovec installation was supplied by Colmex. Sluníčka park is popular with families and seniors alike.
9,⚽,Sport a volný čas,Sport & leisure,dum-rytirskych-ctnosti,⚔️,,https://www.drcs.cz,49.1755,16.5868,,Dům rytířských ctností,"Hermannova 3, Brno–Starý Lískovec","Jeden z nejstarších a nejznámějších HEMA klubů v ČR — trénují historický šerm evropskými zbraněmi: dlouhý meč, dýka, polearm. Veřejná vystoupení i pravidelné tréninky.",Klub byl založen 26. srpna 2005 (IČO 27008452) v Starém Lískovci a od té doby šíří historický europský šerm (Historical European Martial Arts). Sídlo v Lískovci je symbolické — bojová škola v mírném sídlišti.,Dům rytířských ctností,"Hermannova 3, Brno–Starý Lískovec","One of the oldest and best-known HEMA clubs in the Czech Republic — training in Historical European Martial Arts: longsword, dagger, polearm. Public demonstrations and regular training sessions.","Founded on 26 August 2005 in Starý Lískovec, the club has spent two decades spreading Historical European Martial Arts in the Czech Republic. A martial arts school in a peaceful housing estate — an unexpected pairing."
9,⚽,Sport a volný čas,Sport & leisure,bosonozsky-hajek,🌲,,,49.1648,16.5788,,Bosonožský hájek,Na hranici Bosonoh a Starého Lískovce,"Přírodní rezervace o rozloze 46,77 ha vyhlášená v roce 1985. Žije tu 347 druhů makromycetů (hub) — jeden z mykologicky nejvýznamnějších lokalit v JMK — a 8 druhů planě rostoucích orchidejí.",Hájek je dostupný pěšky přímo ze Starého Lískovce a nabízí útočiště přírody doslova za rohem sídliště. Cyklistika je v rezervaci zakázána. Nejkrásnější je brzy zjara za sněženek a orchidejí.,Bosonožský hájek nature reserve,On the Bosonohy / Starý Lískovec boundary,A 46.77-hectare nature reserve declared in 1985. Home to 347 macrofungus species — one of the most mycologically significant sites in South Moravia — and 8 species of wild orchids.,"The grove is reachable on foot directly from Starý Lískovec, offering a nature refuge around the corner from the housing estate. Cycling is prohibited in the reserve. Most beautiful in early spring for snowdrops and orchids."
9,⚽,Sport a volný čas,Sport & leisure,poldr-leskava,💧,,,49.1668,16.5808,,Poldr na Leskavě,"Horní tok Leskavy, Bosonohy / Starý Lískovec","Suchá retenční nádrž na horním toku říčky Leskavy chrání Bosonohy a níže položené lokality před povodněmi. Spádové území 2,8 km². Okolní hráze a louky slouží k procházkám.","Leskava je ta samá říčka, která dala jméno Lískovci. Poldr tu zachytává přívalové srážky dřív, než se vlna dostane dolů do zástavby. Voda v nádrži stojí jen při povodních — jinak je to zelená plocha pro psy a chodce.",Leskava dry poldr,"Upper Leskava stream, Bosonohy / Starý Lískovec",A dry retention reservoir on the upper Leskava stream protects Bosonohy and downstream areas from flash flooding. Catchment area 2.8 km². The grass berm and surroundings are used for walks.,The Leskava is the very stream that gave Lískovec its name. The poldr captures storm runoff before the wave reaches the built-up area below. Water fills only during flood events — otherwise it is a green space for dog-walkers and hikers.
9,⚽,Sport a volný čas,Sport & leisure,stezka-bosonohy-sl,🚶,,,49.1672,16.5820,,Pěší a cyklo trasa Bosonohy–Starý Lískovec,Bosonohy – smyčka tramvaje SL,Bezpečná pěší a cyklistická spojnice Bosonoh se zastávkami tramvají 6 a 8 v Starém Lískovci. Vznikla jako projekt Brna na zlepšení nemotorizované dopravy mezi sousedními čtvrtěmi.,"Projekt realizovalo město Brno a oceňují ho především bosonožští, kteří dojíždějí na tramvaj. Trasa kopíruje část Leskavského údolí a kombinuje každodenní funkci s příjemnou trasou přírodou.",Bosonohy–Starý Lískovec walking & cycling path,Bosonohy – Starý Lískovec tram loop,"A safe walking and cycling connection linking Bosonohy to the tram lines 6 and 8 stops in Starý Lískovec, created as a Brno project to improve non-motorised access between adjacent neighbourhoods.","Realised by the City of Brno and appreciated especially by Bosonohy residents commuting to the tram. The route follows part of the Leskava valley, combining everyday utility with a pleasant path through nature."
